year,number_of_students
2005,80848.0
2006,90984.0
2007,110842.0
2008,132724.0
2009,152169.0
2010,140065.0
2011,124893.0
2012,117489.0
2013,121912.0
2014,138628.0
2015,154835.0
2016,175164.0
2017,200223.0
2018,226633.0
2019,250109.0
2020,225552.0
2021,182922.0
2022,186991.0
2023,234609.0
2024,215461.0
2024,198497.20076402943
2025,196640.90795725601
2026,192335.74005708663
2027,186844.19612097053
2028,180868.71387555485
2029,174171.57345840664
2030,167051.7499081604
