year,number_of_students
2005,80848.0
2006,90984.0
2007,110842.0
2008,132724.0
2009,152169.0
2010,140065.0
2011,124893.0
2012,117489.0
2013,121912.0
2014,138628.0
2015,154835.0
2016,175164.0
2017,200223.0
2018,226633.0
2019,250109.0
2020,225552.0
2021,182922.0
2022,186991.0
2023,234609.0
2024,215461.0
2025,197580.80964284512
2026,194063.7108925783
2027,187625.72604269316
2028,181303.10180481552
2029,174412.74034651768
2030,166908.43677272878
